file_name;total_nb_images;nb_slots;nb_process;loading_time;subgroup_time;SOBEL_time;gathering_time;export_time;full_time_for_rank_0;
./images/original/1.gif;10;1;1;0.020162;0.000000;0.190311;0.000000;0.174068;0.384541 
./images/original/1.gif;10;1;2;0.018996;0.000001;0.093539;0.006926;0.173185;0.292647 
./images/original/1.gif;10;1;3;0.019479;0.000001;0.078229;0.003474;0.172772;0.273955 
./images/original/1.gif;10;1;4;0.019872;0.000000;0.056260;0.011747;0.173009;0.260888 
./images/original/1.gif;10;1;5;0.019520;0.000000;0.039710;0.009227;0.172794;0.241251 
./images/original/1.gif;10;1;6;0.018955;0.000001;0.042769;0.009296;0.173061;0.244082 
./images/original/1.gif;10;1;7;0.020244;0.000001;0.042665;0.009354;0.172685;0.244949 
./images/original/1.gif;10;1;8;0.020713;0.000000;0.042979;0.009934;0.172890;0.246516 
./images/original/1.gif;10;1;9;0.029175;0.000001;0.057824;0.005303;0.174220;0.266523 
./images/original/1.gif;10;1;10;0.020967;0.000002;0.029171;0.020020;0.175711;0.245871 
./images/original/051009.vince.gif;1;1;1;0.016987;0.000000;0.135987;0.000000;0.255168;0.408142 
./images/original/051009.vince.gif;1;1;2;0.013677;0.000000;0.135589;0.000000;0.254680;0.403946 
./images/original/051009.vince.gif;1;1;3;0.013559;0.000000;0.138156;0.000000;0.254732;0.406447 
./images/original/051009.vince.gif;1;1;4;0.014101;0.000001;0.135885;0.000000;0.254497;0.404484 
./images/original/051009.vince.gif;1;1;5;0.014100;0.000000;0.136900;0.000000;0.254649;0.405649 
./images/original/051009.vince.gif;1;1;6;0.013931;0.000001;0.138048;0.000000;0.254690;0.406670 
./images/original/051009.vince.gif;1;1;7;0.016031;0.000000;0.136241;0.000000;0.254619;0.406891 
./images/original/051009.vince.gif;1;1;8;0.015175;0.000001;0.140329;0.000001;0.254460;0.409966 
./images/original/1.gif;10;1;1;0.021498;0.000001;0.190595;0.000000;0.173754;0.385848 
./images/original/1.gif;10;1;2;0.018679;0.000001;0.093532;0.007355;0.172792;0.292359 
./images/original/1.gif;10;1;3;0.018950;0.000001;0.077082;0.003441;0.173271;0.272745 
./images/original/1.gif;10;1;4;0.018849;0.000000;0.056573;0.013074;0.173072;0.261568 
./images/original/1.gif;10;1;5;0.019390;0.000001;0.040189;0.009630;0.172876;0.242086 
./images/original/1.gif;10;1;6;0.019953;0.000000;0.041637;0.009624;0.172932;0.244146 
./images/original/1.gif;10;1;7;0.020382;0.000001;0.042486;0.009755;0.172984;0.245608 
./images/original/1.gif;10;1;8;0.019469;0.000001;0.042579;0.010194;0.173049;0.245292 
./images/original/200_s.gif;1;1;1;0.001936;0.000000;0.002628;0.000000;0.002149;0.006713 
./images/original/200_s.gif;1;1;2;0.000795;0.000001;0.001657;0.000001;0.001999;0.004453 
./images/original/200_s.gif;1;1;3;0.000674;0.000000;0.001187;0.000000;0.001537;0.003398 
./images/original/200_s.gif;1;1;4;0.000629;0.000001;0.001182;0.000000;0.001422;0.003234 
./images/original/200_s.gif;1;1;5;0.000669;0.000000;0.001177;0.000000;0.001424;0.003270 
./images/original/200_s.gif;1;1;6;0.000727;0.000000;0.001170;0.000000;0.001363;0.003260 
./images/original/200_s.gif;1;1;7;0.000751;0.000000;0.001188;0.000000;0.001437;0.003376 
./images/original/200_s.gif;1;1;8;0.000697;0.000000;0.001181;0.000000;0.001558;0.003436 
./images/original/9815573.gif;10;1;1;0.023469;0.000000;0.089040;0.000000;0.089772;0.202281 
./images/original/9815573.gif;10;1;2;0.013462;0.000000;0.044361;0.001843;0.090270;0.149936 
./images/original/9815573.gif;10;1;3;0.013431;0.000000;0.035604;0.002288;0.089859;0.141182 
./images/original/9815573.gif;10;1;4;0.013484;0.000000;0.027627;0.002745;0.090024;0.133880 
./images/original/9815573.gif;10;1;5;0.013602;0.000001;0.019257;0.003249;0.089906;0.126015 
./images/original/9815573.gif;10;1;6;0.019104;0.000000;0.026506;0.003822;0.091225;0.140657 
./images/original/9815573.gif;10;1;7;0.013670;0.000000;0.020339;0.003410;0.090245;0.127664 
./images/original/9815573.gif;10;1;8;0.013620;0.000001;0.020985;0.015630;0.090272;0.140508 
./images/original/australian-flag-large.gif;1;1;1;0.011848;0.000000;0.075733;0.000000;0.022856;0.110437 
./images/original/australian-flag-large.gif;1;1;2;0.004421;0.000000;0.067018;0.000000;0.023017;0.094456 
./images/original/australian-flag-large.gif;1;1;3;0.004403;0.000000;0.067994;0.000000;0.022658;0.095055 
./images/original/australian-flag-large.gif;1;1;4;0.004628;0.000000;0.067451;0.000000;0.022854;0.094933 
./images/original/australian-flag-large.gif;1;1;5;0.004251;0.000000;0.066920;0.000000;0.022726;0.093897 
./images/original/australian-flag-large.gif;1;1;6;0.004757;0.000001;0.067640;0.000000;0.022772;0.095170 
./images/original/australian-flag-large.gif;1;1;7;0.005408;0.000000;0.066648;0.000000;0.022688;0.094744 
./images/original/australian-flag-large.gif;1;1;8;0.005263;0.000000;0.067175;0.000000;0.022959;0.095397 
./images/original/Campusplan-Hausnr.gif;1;1;1;0.352686;0.000000;7.493476;0.000000;0.725838;8.572000 
./images/original/Campusplan-Hausnr.gif;1;1;2;0.336107;0.000000;7.488608;0.000000;0.719263;8.543978 
./images/original/Campusplan-Hausnr.gif;1;1;3;0.343867;0.000001;7.540535;0.000000;0.731041;8.615444 
./images/original/Campusplan-Hausnr.gif;1;1;4;0.363827;0.000000;7.520154;0.000000;0.734131;8.618112 
./images/original/Campusplan-Hausnr.gif;1;1;5;0.397172;0.000000;7.525003;0.000000;0.729008;8.651183 
./images/original/Campusplan-Hausnr.gif;1;1;6;0.395004;0.000001;7.547697;0.000000;0.730778;8.673480 
./images/original/Campusplan-Hausnr.gif;1;1;7;0.448266;0.000000;7.545797;0.000000;0.735216;8.729279 
./images/original/Campusplan-Hausnr.gif;1;1;8;0.607385;0.000000;7.531446;0.000000;0.731641;8.870472 
./images/original/Campusplan-Mobilitaetsbeschraenkte.gif;1;1;1;0.352236;0.000000;7.538461;0.000000;2.059459;9.950156 
./images/original/Campusplan-Mobilitaetsbeschraenkte.gif;1;1;2;0.340741;0.000000;7.538573;0.000000;2.059298;9.938612 
./images/original/Campusplan-Mobilitaetsbeschraenkte.gif;1;1;3;0.344463;0.000000;7.577928;0.000000;2.062714;9.985105 
./images/original/Campusplan-Mobilitaetsbeschraenkte.gif;1;1;4;0.365620;0.000001;7.546877;0.000000;2.067006;9.979504 
./images/original/Campusplan-Mobilitaetsbeschraenkte.gif;1;1;5;0.393011;0.000000;7.545608;0.000000;2.057445;9.996064 
./images/original/Campusplan-Mobilitaetsbeschraenkte.gif;1;1;6;0.441208;0.000000;7.545268;0.000000;2.063090;10.049566 
./images/original/Campusplan-Mobilitaetsbeschraenkte.gif;1;1;7;0.443848;0.000000;7.555107;0.000000;2.062208;10.061163 
./images/original/Campusplan-Mobilitaetsbeschraenkte.gif;1;1;8;0.581995;0.000001;7.563436;0.000000;2.054537;10.199969 
./images/original/fire.gif;33;1;1;0.003720;0.000003;0.002684;0.000000;0.005170;0.011577 
./images/original/fire.gif;33;1;2;0.001040;0.000000;0.000498;0.000152;0.002955;0.004645 
./images/original/fire.gif;33;1;3;0.001049;0.000001;0.000324;0.000207;0.002685;0.004266 
./images/original/fire.gif;33;1;4;0.000995;0.000001;0.000268;0.000258;0.002717;0.004239 
./images/original/fire.gif;33;1;5;0.001021;0.000000;0.000211;0.000345;0.002710;0.004287 
./images/original/fire.gif;33;1;6;0.001254;0.000001;0.000207;0.000345;0.002764;0.004571 
./images/original/fire.gif;33;1;7;0.001019;0.000000;0.000153;0.000689;0.002594;0.004455 
./images/original/fire.gif;33;1;8;0.001330;0.000000;0.000175;0.000453;0.002617;0.004575 
./images/original/frame_002.gif;1;1;1;0.004952;0.000000;0.014996;0.000000;0.005155;0.025103 
./images/original/frame_002.gif;1;1;2;0.003230;0.000000;0.012307;0.000000;0.004931;0.020468 
./images/original/frame_002.gif;1;1;3;0.002205;0.000000;0.008941;0.000000;0.003942;0.015088 
./images/original/frame_002.gif;1;1;4;0.001892;0.000000;0.008983;0.000000;0.004046;0.014921 
./images/original/frame_002.gif;1;1;5;0.001889;0.000004;0.009014;0.000000;0.004039;0.014946 
./images/original/frame_002.gif;1;1;6;0.002282;0.000001;0.009258;0.000000;0.004077;0.015618 
./images/original/frame_002.gif;1;1;7;0.001908;0.000000;0.008972;0.000001;0.004068;0.014949 
./images/original/frame_002.gif;1;1;8;0.001995;0.000000;0.009496;0.000000;0.003951;0.015442 
./images/original/giphy-3.gif;5;1;1;0.094290;0.000000;0.830493;0.000000;1.179188;2.103971 
./images/original/giphy-3.gif;5;1;2;0.091546;0.000003;0.506894;0.005729;1.186331;1.790503 
./images/original/giphy-3.gif;5;1;3;0.093304;0.000001;0.356570;0.009873;1.179065;1.638813 
./images/original/giphy-3.gif;5;1;4;0.094703;0.000000;0.366174;0.008981;1.180004;1.649862 
./images/original/giphy-3.gif;5;1;5;0.098820;0.000001;0.227583;0.014824;1.180660;1.521888 
./images/original/giphy-3.gif;5;1;6;0.103176;0.000000;0.226306;0.016879;1.179916;1.526277 
./images/original/giphy-3.gif;5;1;7;0.098839;0.000001;0.199511;0.141995;1.179938;1.620284 
./images/original/giphy-3.gif;5;1;8;0.140403;0.000000;0.277462;0.013933;1.180152;1.611950 
./images/original/long_gif.gif;137;1;1;0.153483;0.000004;1.702253;0.000000;2.092564;3.948304 
./images/original/long_gif.gif;137;1;2;0.152436;0.000003;1.090850;0.027791;3.269981;4.541061 
./images/original/long_gif.gif;137;1;3;0.152646;0.000001;0.706200;0.034016;2.090678;2.983541 
./images/original/long_gif.gif;137;1;4;0.158831;0.000002;0.548440;0.039329;2.089249;2.835851 
./images/original/long_gif.gif;137;1;5;0.154857;0.000001;0.438157;0.042308;2.089576;2.724899 
./images/original/long_gif.gif;137;1;6;0.156820;0.000001;0.368874;0.068402;2.090591;2.684688 
./images/original/long_gif.gif;137;1;7;0.211354;0.000002;0.509207;0.049202;2.095810;2.865575 
./images/original/long_gif.gif;137;1;8;0.161155;0.000001;0.347184;0.047431;2.091059;2.646830 
./images/original/Mandelbrot-large.gif;20;1;1;0.178169;0.000004;1.743791;0.000000;2.912277;4.834241 
./images/original/Mandelbrot-large.gif;20;1;2;0.176706;0.000001;0.811379;0.181481;2.912348;4.081915 
./images/original/Mandelbrot-large.gif;20;1;3;0.184026;0.000003;0.555131;0.164518;2.911592;3.815270 
./images/original/Mandelbrot-large.gif;20;1;4;0.183248;0.000001;0.378544;0.183208;2.914825;3.659826 
./images/original/Mandelbrot-large.gif;20;1;5;0.195094;0.000001;0.306523;0.165821;2.911594;3.579033 
./images/original/Mandelbrot-large.gif;20;1;6;0.203532;0.000000;0.316426;0.137500;2.916235;3.573693 
./images/original/Mandelbrot-large.gif;20;1;7;0.198505;0.000000;0.228488;0.362746;2.911684;3.701423 
./images/original/Mandelbrot-large.gif;20;1;8;0.281525;0.000001;0.296794;0.209514;2.913756;3.701590 
./images/original/mushroom.gif;150;1;1;0.095931;0.000007;0.740097;0.000000;1.450018;2.286053 
./images/original/mushroom.gif;150;1;2;0.094445;0.000004;0.217137;0.334763;1.450276;2.096625 
./images/original/mushroom.gif;150;1;3;0.094163;0.000001;0.125762;0.264890;1.450388;1.935204 
./images/original/mushroom.gif;150;1;4;0.094826;0.000001;0.089884;0.200602;1.450389;1.835702 
./images/original/mushroom.gif;150;1;5;0.095990;0.000001;0.062677;0.199564;1.449810;1.808042 
./images/original/mushroom.gif;150;1;6;0.096338;0.000001;0.047733;0.180788;1.451196;1.776056 
./images/original/mushroom.gif;150;1;7;0.097297;0.000002;0.035974;0.283445;1.449474;1.866192 
./images/original/mushroom.gif;150;1;8;0.128180;0.000001;0.038984;0.197282;1.451557;1.816004 
./images/original/porsche.gif;1;1;1;0.001989;0.000001;0.004441;0.000000;0.002508;0.008939 
./images/original/porsche.gif;1;1;2;0.001492;0.000000;0.005730;0.000000;0.002893;0.010115 
./images/original/porsche.gif;1;1;3;0.000801;0.000000;0.002779;0.000001;0.001590;0.005171 
./images/original/porsche.gif;1;1;4;0.001070;0.000000;0.002793;0.000000;0.001735;0.005598 
./images/original/porsche.gif;1;1;5;0.000833;0.000001;0.002824;0.000000;0.001704;0.005362 
./images/original/porsche.gif;1;1;6;0.001123;0.000001;0.002778;0.000000;0.002008;0.005910 
./images/original/porsche.gif;1;1;7;0.001014;0.000001;0.002800;0.000000;0.001668;0.005483 
./images/original/porsche.gif;1;1;8;0.000945;0.000000;0.002868;0.000000;0.001593;0.005406 
./images/original/Produits_sous_linux.gif;1;1;1;0.008834;0.000000;0.058223;0.000000;0.010568;0.077625 
./images/original/Produits_sous_linux.gif;1;1;2;0.005604;0.000000;0.058430;0.000000;0.010418;0.074452 
./images/original/Produits_sous_linux.gif;1;1;3;0.005776;0.000000;0.057880;0.000000;0.010140;0.073796 
./images/original/Produits_sous_linux.gif;1;1;4;0.005405;0.000001;0.058286;0.000000;0.010173;0.073865 
./images/original/Produits_sous_linux.gif;1;1;5;0.005856;0.000000;0.058486;0.000000;0.010079;0.074421 
./images/original/Produits_sous_linux.gif;1;1;6;0.006001;0.000000;0.058972;0.000000;0.010227;0.075200 
./images/original/Produits_sous_linux.gif;1;1;7;0.005946;0.000001;0.059219;0.000000;0.010237;0.075403 
./images/original/Produits_sous_linux.gif;1;1;8;0.007612;0.000001;0.058679;0.000000;0.010121;0.076413 
./images/original/TimelyHugeGnu.gif;19;1;1;0.050392;0.000003;0.213448;0.000000;0.500538;0.764381 
./images/original/TimelyHugeGnu.gif;19;1;2;0.047667;0.000001;0.112467;0.005094;0.499656;0.664885 
./images/original/TimelyHugeGnu.gif;19;1;3;0.047750;0.000002;0.081160;0.006285;0.500205;0.635402 
./images/original/TimelyHugeGnu.gif;19;1;4;0.048032;0.000001;0.061031;0.007731;0.499702;0.616497 
./images/original/TimelyHugeGnu.gif;19;1;5;0.047580;0.000000;0.049709;0.045242;0.500579;0.643110 
./images/original/TimelyHugeGnu.gif;19;1;6;0.048324;0.000001;0.053521;0.008599;0.509950;0.620395 
./images/original/TimelyHugeGnu.gif;19;1;7;0.048447;0.000000;0.044745;0.020582;0.500191;0.613965 
./images/original/TimelyHugeGnu.gif;19;1;8;0.052132;0.000001;0.042018;0.021153;0.500693;0.615997 
./images/original/tumblr_myxlbtwVEb1qzt4vjo1_r14_500_large.gif;10;1;1;0.021635;0.000001;0.198560;0.000000;0.564534;0.784730 
./images/original/tumblr_myxlbtwVEb1qzt4vjo1_r14_500_large.gif;10;1;2;0.018968;0.000001;0.097828;0.006754;0.564242;0.687793 
./images/original/tumblr_myxlbtwVEb1qzt4vjo1_r14_500_large.gif;10;1;3;0.019152;0.000000;0.083874;0.003404;0.564244;0.670674 
./images/original/tumblr_myxlbtwVEb1qzt4vjo1_r14_500_large.gif;10;1;4;0.018798;0.000001;0.064020;0.003887;0.563645;0.650351 
./images/original/tumblr_myxlbtwVEb1qzt4vjo1_r14_500_large.gif;10;1;5;0.019463;0.000000;0.046574;0.004500;0.563786;0.634323 
./images/original/tumblr_myxlbtwVEb1qzt4vjo1_r14_500_large.gif;10;1;6;0.018947;0.000000;0.048188;0.004567;0.564305;0.636007 
./images/original/tumblr_myxlbtwVEb1qzt4vjo1_r14_500_large.gif;10;1;7;0.019291;0.000000;0.048556;0.005349;0.564363;0.637559 
./images/original/tumblr_myxlbtwVEb1qzt4vjo1_r14_500_large.gif;10;1;8;0.019103;0.000000;0.047038;0.032657;0.563904;0.662702 
./images/original/051009.vince.gif;1;1354892;0;256;1;0.014552;0.118266;0.160366;0.293184 
./images/original/051009.vince.gif;1;1354892;0;256;2;0.012261;0.121174;0.161094;0.294529 
./images/original/051009.vince.gif;1;1354892;0;256;3;0.012799;0.120972;0.164901;0.298672 
./images/original/051009.vince.gif;1;1354892;0;256;4;0.012868;0.122548;0.165894;0.301310 
./images/original/051009.vince.gif;1;1354892;0;256;5;0.013942;0.122869;0.165734;0.302545 
./images/original/051009.vince.gif;1;1354892;0;256;6;0.012857;0.125778;0.165855;0.304490 
./images/original/051009.vince.gif;1;1354892;0;256;7;0.015005;0.124010;0.168638;0.307653 
./images/original/051009.vince.gif;1;1354892;0;256;8;0.020273;0.176076;0.167899;0.364248 
./images/original/1.gif;10;250000;0;256;1;0.018603;0.163135;0.105996;0.287734 
./images/original/1.gif;10;250000;0;256;2;0.017458;0.080442;0.106622;0.204522 
./images/original/1.gif;10;250000;0;256;3;0.018461;0.067546;0.110728;0.196735 
./images/original/1.gif;10;250000;0;256;4;0.018062;0.050440;0.117480;0.185982 
./images/original/1.gif;10;250000;0;256;5;0.018788;0.038037;0.111556;0.168381 
./images/original/1.gif;10;250000;0;256;6;0.019381;0.037104;0.119681;0.176166 
./images/original/1.gif;10;250000;0;256;7;0.020141;0.039603;0.120242;0.179986 
./images/original/1.gif;10;250000;0;256;8;0.027769;0.040855;0.114240;0.182864 
./images/original/200_s.gif;1;40000;0;256;1;0.000976;0.000967;0.001510;0.003453 
./images/original/200_s.gif;1;40000;0;256;2;0.000603;0.000951;0.001547;0.003101 
./images/original/200_s.gif;1;40000;0;256;3;0.000610;0.000965;0.001406;0.002981 
./images/original/200_s.gif;1;40000;0;256;4;0.000601;0.001002;0.001377;0.002980 
./images/original/200_s.gif;1;40000;0;256;5;0.000590;0.000983;0.001311;0.002884 
./images/original/200_s.gif;1;40000;0;256;6;0.000649;0.000989;0.001391;0.003029 
./images/original/200_s.gif;1;40000;0;256;7;0.000607;0.000990;0.001308;0.002905 
./images/original/200_s.gif;1;40000;0;256;8;0.000792;0.001216;0.001428;0.003436 
./images/original/9815573.gif;10;140500;0;256;1;0.013911;0.077586;0.060985;0.152482 
./images/original/9815573.gif;10;140500;0;256;2;0.012865;0.038449;0.056495;0.107809 
./images/original/9815573.gif;10;140500;0;256;3;0.012820;0.031255;0.056797;0.100872 
./images/original/9815573.gif;10;140500;0;256;4;0.012911;0.024355;0.183147;0.220413 
./images/original/9815573.gif;10;140500;0;256;5;0.017933;0.025164;0.058261;0.101358 
./images/original/9815573.gif;10;140500;0;256;6;0.013311;0.018126;0.179795;0.211232 
./images/original/9815573.gif;10;140500;0;256;7;0.013165;0.018381;0.182923;0.214469 
./images/original/9815573.gif;10;140500;0;256;8;0.013406;0.019469;0.178036;0.210911 
./images/original/australian-flag-large.gif;1;720000;0;256;1;0.004486;0.059907;0.015701;0.080094 
./images/original/australian-flag-large.gif;1;720000;0;256;2;0.003847;0.058882;0.015548;0.078277 
./images/original/australian-flag-large.gif;1;720000;0;256;3;0.004044;0.059798;0.015407;0.079249 
./images/original/australian-flag-large.gif;1;720000;0;256;4;0.004214;0.060962;0.015737;0.080913 
./images/original/australian-flag-large.gif;1;720000;0;256;5;0.004503;0.061378;0.015754;0.081635 
./images/original/australian-flag-large.gif;1;720000;0;256;6;0.004414;0.061426;0.015897;0.081737 
./images/original/australian-flag-large.gif;1;720000;0;256;7;0.004833;0.062447;0.015641;0.082921 
./images/original/australian-flag-large.gif;1;720000;0;256;8;0.004552;0.061877;0.015679;0.082108 
./images/original/Campusplan-Hausnr.gif;1;69682912;0;256;1;0.308589;6.587518;0.680565;7.576672 
./images/original/Campusplan-Hausnr.gif;1;69682912;0;256;2;0.308094;6.604630;0.685226;7.597950 
./images/original/Campusplan-Hausnr.gif;1;69682912;0;256;3;0.322830;6.726703;0.693632;7.743165 
./images/original/Campusplan-Hausnr.gif;1;69682912;0;256;4;0.351288;6.831989;0.705572;7.888849 
./images/original/Campusplan-Hausnr.gif;1;69682912;0;256;5;0.387332;6.879474;0.716037;7.982843 
./images/original/Campusplan-Hausnr.gif;1;69682912;0;256;6;0.385490;6.904529;0.708429;7.998448 
./images/original/Campusplan-Hausnr.gif;1;69682912;0;256;7;0.537734;7.379460;0.723284;8.640478 
./images/original/Campusplan-Hausnr.gif;1;69682912;0;256;8;0.499632;6.958781;0.726689;8.185102 
./images/original/051009.vince.gif;1;1354892;0;256;1;0.014459;0.133191;0.184657;0.332307 
./images/original/051009.vince.gif;1;1354892;0;256;2;0.013244;0.131577;0.184290;0.329111 
./images/original/051009.vince.gif;1;1354892;0;256;3;0.014294;0.130189;0.179965;0.324448 
./images/original/051009.vince.gif;1;1354892;0;256;4;0.013400;0.129702;0.180126;0.323228 
./images/original/051009.vince.gif;1;1354892;0;256;5;0.014410;0.129190;0.179712;0.323312 
./images/original/051009.vince.gif;1;1354892;0;256;6;0.015013;0.129809;0.179837;0.324659 
./images/original/051009.vince.gif;1;1354892;0;256;7;0.014613;0.130876;0.179958;0.325447 
./images/original/051009.vince.gif;1;1354892;0;256;8;0.015349;0.133892;0.180309;0.329550 
./images/original/1.gif;10;250000;0;256;1;0.020021;0.180845;0.123184;0.324050 
./images/original/1.gif;10;250000;0;256;2;0.019539;0.089336;0.120608;0.229483 
./images/original/Campusplan-Mobilitaetsbeschraenkte.gif;1;69689928;0;256;1;0.312320;6.608760;1.758330;8.679410 
./images/original/1.gif;10;250000;0;256;3;0.018635;0.073223;0.121645;0.213503 
./images/original/1.gif;10;250000;0;256;4;0.019106;0.052682;0.125571;0.197359 
./images/original/1.gif;10;250000;0;256;5;0.019298;0.038894;0.118946;0.177138 
./images/original/1.gif;10;250000;0;256;6;0.019829;0.038099;0.125786;0.183714 
./images/original/1.gif;10;250000;0;256;7;0.020296;0.038472;0.128001;0.186769 
./images/original/1.gif;10;250000;0;256;8;0.020197;0.041386;0.123533;0.185116 
./images/original/200_s.gif;1;40000;0;256;1;0.001030;0.001083;0.001760;0.003873 
./images/original/200_s.gif;1;40000;0;256;2;0.000542;0.001066;0.001632;0.003240 
./images/original/200_s.gif;1;40000;0;256;3;0.000630;0.001050;0.001341;0.003021 
./images/original/200_s.gif;1;40000;0;256;4;0.000577;0.001049;0.001313;0.002939 
./images/original/200_s.gif;1;40000;0;256;5;0.000586;0.001053;0.001334;0.002973 
./images/original/200_s.gif;1;40000;0;256;6;0.000605;0.001047;0.001400;0.003052 
./images/original/200_s.gif;1;40000;0;256;7;0.000577;0.001052;0.001362;0.002991 
./images/original/200_s.gif;1;40000;0;256;8;0.000686;0.001056;0.001372;0.003114 
./images/original/9815573.gif;10;140500;0;256;1;0.014595;0.081799;0.061409;0.157803 
./images/original/9815573.gif;10;140500;0;256;2;0.013472;0.041638;0.061634;0.116744 
./images/original/9815573.gif;10;140500;0;256;3;0.013465;0.033341;0.062215;0.109021 
./images/original/9815573.gif;10;140500;0;256;4;0.013447;0.025799;0.191850;0.231096 
./images/original/9815573.gif;10;140500;0;256;5;0.013578;0.017772;0.061107;0.092457 
./images/original/9815573.gif;10;140500;0;256;6;0.013736;0.018053;0.192445;0.224234 
./images/original/9815573.gif;10;140500;0;256;7;0.013894;0.018230;0.192154;0.224278 
./images/original/9815573.gif;10;140500;0;256;8;0.014446;0.018747;0.189982;0.223175 
./images/original/australian-flag-large.gif;1;720000;0;256;1;0.016691;0.065243;0.017466;0.099400 
./images/original/australian-flag-large.gif;1;720000;0;256;2;0.004238;0.064083;0.016677;0.084998 
./images/original/australian-flag-large.gif;1;720000;0;256;3;0.004242;0.065065;0.016557;0.085864 
./images/original/australian-flag-large.gif;1;720000;0;256;4;0.004391;0.065022;0.016637;0.086050 
./images/original/australian-flag-large.gif;1;720000;0;256;5;0.004461;0.063871;0.016631;0.084963 
./images/original/australian-flag-large.gif;1;720000;0;256;6;0.005838;0.092841;0.016679;0.115358 
./images/original/australian-flag-large.gif;1;720000;0;256;7;0.005221;0.063934;0.016502;0.085657 
./images/original/australian-flag-large.gif;1;720000;0;256;8;0.005250;0.064355;0.016577;0.086182 
./images/original/Campusplan-Mobilitaetsbeschraenkte.gif;1;69689928;0;256;2;0.311821;6.623137;1.785866;8.720824 
./images/original/Campusplan-Hausnr.gif;1;69682912;0;256;1;0.338478;7.309291;0.747160;8.394929 
./images/original/Campusplan-Mobilitaetsbeschraenkte.gif;1;69689928;0;256;3;0.322714;6.690159;1.817947;8.830820 
./images/original/Campusplan-Hausnr.gif;1;69682912;0;256;2;0.336530;7.299177;0.748171;8.383878 
./images/original/Campusplan-Mobilitaetsbeschraenkte.gif;1;69689928;0;256;4;0.352061;6.862230;1.852174;9.066465 
./images/original/Campusplan-Hausnr.gif;1;69682912;0;256;3;0.340739;7.254435;0.749696;8.344870 
./images/original/Campusplan-Mobilitaetsbeschraenkte.gif;1;69689928;0;256;5;0.385816;6.798542;1.806764;8.991122 
./images/original/Campusplan-Hausnr.gif;1;69682912;0;256;4;0.365690;7.263395;0.758547;8.387632 
./images/original/051009.vince.gif;1;1354892;0;256;1;0.013475;0.119975;0.161520;0.294970 
./images/original/051009.vince.gif;1;1354892;0;256;2;0.012172;0.122091;0.159610;0.293873 
./images/original/051009.vince.gif;1;1354892;0;256;3;0.012538;0.120518;0.162411;0.295467 
./images/original/051009.vince.gif;1;1354892;0;256;4;0.013144;0.122902;0.165563;0.301609 
./images/original/051009.vince.gif;1;1354892;0;256;5;0.013573;0.123534;0.167553;0.304660 
./images/original/051009.vince.gif;1;1354892;0;256;6;0.013208;0.124555;0.164919;0.302682 
./images/original/Campusplan-Mobilitaetsbeschraenkte.gif;1;69689928;0;256;6;0.437867;6.929966;1.869225;9.237058 
./images/original/051009.vince.gif;1;1354892;0;256;7;0.013556;0.125210;0.168136;0.306902 
./images/original/051009.vince.gif;1;1354892;0;256;8;0.016469;0.123622;0.168325;0.308416 
./images/original/1.gif;10;250000;0;256;1;0.018371;0.163172;0.121239;0.302782 
./images/original/1.gif;10;250000;0;256;2;0.017493;0.080777;0.107558;0.205828 
./images/original/1.gif;10;250000;0;256;3;0.017964;0.068306;0.109642;0.195912 
./images/original/1.gif;10;250000;0;256;4;0.018244;0.050875;0.116163;0.185282 
./images/original/1.gif;10;250000;0;256;5;0.018311;0.036591;0.111018;0.165920 
./images/original/1.gif;10;250000;0;256;6;0.019389;0.038222;0.118187;0.175798 
./images/original/1.gif;10;250000;0;256;7;0.026613;0.052676;0.119231;0.198520 
./images/original/1.gif;10;250000;0;256;8;0.026646;0.052734;0.115244;0.194624 
./images/original/200_s.gif;1;40000;0;256;1;0.000941;0.000983;0.001583;0.003507 
./images/original/200_s.gif;1;40000;0;256;2;0.000489;0.000996;0.001323;0.002808 
./images/original/200_s.gif;1;40000;0;256;3;0.000626;0.000975;0.001379;0.002980 
./images/original/200_s.gif;1;40000;0;256;4;0.000629;0.000989;0.001369;0.002987 
./images/original/200_s.gif;1;40000;0;256;5;0.000655;0.000985;0.001446;0.003086 
./images/original/200_s.gif;1;40000;0;256;6;0.000657;0.000990;0.001378;0.003025 
./images/original/Campusplan-Hausnr.gif;1;69682912;0;256;5;0.414059;7.283023;0.750777;8.447859 
./images/original/200_s.gif;1;40000;0;256;7;0.000597;0.000993;0.001285;0.002875 
./images/original/200_s.gif;1;40000;0;256;8;0.000726;0.001321;0.001358;0.003405 
./images/original/9815573.gif;10;140500;0;256;1;0.013892;0.075420;0.054955;0.144267 
./images/original/9815573.gif;10;140500;0;256;2;0.012646;0.037366;0.055332;0.105344 
./images/original/9815573.gif;10;140500;0;256;3;0.012547;0.031003;0.056414;0.099964 
./images/original/9815573.gif;10;140500;0;256;4;0.012598;0.024248;0.178208;0.215054 
./images/original/9815573.gif;10;140500;0;256;5;0.013023;0.017304;0.057609;0.087936 
./images/original/9815573.gif;10;140500;0;256;6;0.013104;0.017945;0.183969;0.215018 
./images/original/9815573.gif;10;140500;0;256;7;0.012892;0.018104;0.178437;0.209433 
./images/original/9815573.gif;10;140500;0;256;8;0.013013;0.020318;0.182083;0.215414 
./images/original/australian-flag-large.gif;1;720000;0;256;1;0.004371;0.058353;0.015329;0.078053 
./images/original/australian-flag-large.gif;1;720000;0;256;2;0.003942;0.058464;0.015222;0.077628 
./images/original/australian-flag-large.gif;1;720000;0;256;3;0.003689;0.059336;0.015533;0.078558 
./images/original/australian-flag-large.gif;1;720000;0;256;4;0.004072;0.060169;0.015574;0.079815 
./images/original/australian-flag-large.gif;1;720000;0;256;5;0.004489;0.060829;0.015723;0.081041 
./images/original/australian-flag-large.gif;1;720000;0;256;6;0.004759;0.060808;0.016025;0.081592 
./images/original/australian-flag-large.gif;1;720000;0;256;7;0.005788;0.088565;0.015916;0.110269 
./images/original/australian-flag-large.gif;1;720000;0;256;8;0.005004;0.061462;0.015679;0.082145 
./images/original/Campusplan-Mobilitaetsbeschraenkte.gif;1;69689928;0;256;7;0.466964;6.911474;1.844867;9.223305 
./images/original/Campusplan-Hausnr.gif;1;69682912;0;256;6;0.365208;7.303989;0.756739;8.425936 
./images/original/Campusplan-Hausnr.gif;1;69682912;0;256;1;0.304184;6.557201;0.677515;7.538900 
./images/original/Campusplan-Mobilitaetsbeschraenkte.gif;1;69689928;0;256;8;0.599432;7.091731;1.900823;9.591986 
./images/original/fire.gif;33;1800;0;256;1;0.001560;0.000716;0.002334;0.004610 
./images/original/fire.gif;33;1800;0;256;2;0.000896;0.000360;0.002545;0.003801 
./images/original/fire.gif;33;1800;0;256;3;0.000964;0.000242;0.002309;0.003515 
./images/original/fire.gif;33;1800;0;256;4;0.001181;0.000244;0.002311;0.003736 
./images/original/fire.gif;33;1800;0;256;5;0.001027;0.000162;0.006122;0.007311 
./images/original/fire.gif;33;1800;0;256;7;0.000921;0.000117;0.008994;0.010032 
./images/original/fire.gif;33;1800;0;256;8;0.001020;0.000117;0.002328;0.003465 
./images/original/frame_002.gif;1;263250;0;256;1;0.006138;0.018176;0.005087;0.029401 
./images/original/frame_002.gif;1;263250;0;256;2;0.001998;0.007184;0.003644;0.012826 
./images/original/frame_002.gif;1;263250;0;256;3;0.002153;0.009291;0.003557;0.015001 
./images/original/frame_002.gif;1;263250;0;256;4;0.002530;0.007332;0.005015;0.014877 
./images/original/frame_002.gif;1;263250;0;256;5;0.002152;0.007413;0.003781;0.013346 
./images/original/frame_002.gif;1;263250;0;256;6;0.002144;0.010695;0.003604;0.016443 
./images/original/frame_002.gif;1;263250;0;256;7;0.002133;0.007776;0.003545;0.013454 
./images/original/frame_002.gif;1;263250;0;256;8;0.002636;0.010663;0.003631;0.016930 
./images/original/Campusplan-Hausnr.gif;1;69682912;0;256;7;0.557376;7.431454;0.756171;8.745001 
./images/original/giphy-3.gif;5;2073600;0;256;1;0.106019;0.754929;0.728857;1.589805 
./images/original/Campusplan-Hausnr.gif;1;69682912;0;256;2;0.306056;6.571480;0.678417;7.555953 
./images/original/giphy-3.gif;5;2073600;0;256;2;0.085892;0.455950;0.729171;1.271013 
./images/original/giphy-3.gif;5;2073600;0;256;4;0.091380;0.323590;0.724269;1.139239 
./images/original/giphy-3.gif;5;2073600;0;256;5;0.094585;0.192738;0.725729;1.013052 
./images/original/Campusplan-Hausnr.gif;1;69682912;0;256;8;0.562142;7.257649;0.754917;8.574708 
./images/original/Campusplan-Hausnr.gif;1;69682912;0;256;3;0.322709;6.651089;0.696634;7.670432 
./images/original/long_gif.gif;137;230400;0;256;1;0.145042;1.518824;1.439108;3.102974 
./images/original/long_gif.gif;137;230400;0;256;2;0.144588;0.906545;1.426461;2.477594 
./images/original/long_gif.gif;137;230400;0;256;4;0.195101;0.506333;1.454995;2.156429 
./images/original/Campusplan-Hausnr.gif;1;69682912;0;256;4;0.347866;6.762419;0.701484;7.811769 
./images/original/Campusplan-Mobilitaetsbeschraenkte.gif;1;69689928;0;256;1;0.339446;7.447733;2.042859;9.830038 
./images/original/Campusplan-Hausnr.gif;1;69682912;0;256;5;0.384007;6.800543;0.717088;7.901638 
./images/original/Campusplan-Mobilitaetsbeschraenkte.gif;1;69689928;0;256;2;0.341018;7.531194;2.007921;9.880133 
./images/original/Campusplan-Hausnr.gif;1;69682912;0;256;6;0.443366;6.893108;0.720702;8.057176 
./images/original/Campusplan-Mobilitaetsbeschraenkte.gif;1;69689928;0;256;3;0.347096;7.300905;2.055347;9.703348 
./images/original/Campusplan-Hausnr.gif;1;69682912;0;256;7;0.516406;7.956744;0.712105;9.185255 
./images/original/Campusplan-Mobilitaetsbeschraenkte.gif;1;69689928;0;256;4;0.417930;7.360815;2.041653;9.820398 
./images/original/Campusplan-Hausnr.gif;1;69682912;0;256;8;0.586040;9.993193;0.728652;11.307885 
./images/original/Campusplan-Mobilitaetsbeschraenkte.gif;1;69689928;0;256;5;0.407848;7.257944;1.972414;9.638206 
./images/original/Campusplan-Mobilitaetsbeschraenkte.gif;1;69689928;0;256;1;0.305667;6.568378;1.751375;8.625420 
./images/original/Campusplan-Mobilitaetsbeschraenkte.gif;1;69689928;0;256;6;0.460718;7.339053;2.053330;9.853101 
./images/original/Campusplan-Mobilitaetsbeschraenkte.gif;1;69689928;0;256;2;0.304681;6.576537;1.820120;8.701338 
./images/original/Campusplan-Mobilitaetsbeschraenkte.gif;1;69689928;0;256;7;0.556020;7.636626;2.017256;10.209902 
./images/original/Campusplan-Mobilitaetsbeschraenkte.gif;1;69689928;0;256;3;0.322568;6.758054;1.858557;8.939179 
./images/original/Campusplan-Mobilitaetsbeschraenkte.gif;1;69689928;0;256;8;0.511996;7.304575;2.049747;9.866318 
./images/original/fire.gif;33;1800;0;256;1;0.001660;0.000773;0.002701;0.005134 
./images/original/fire.gif;33;1800;0;256;2;0.001134;0.000401;0.002754;0.004289 
./images/original/fire.gif;33;1800;0;256;3;0.000928;0.000263;0.002399;0.003590 
./images/original/fire.gif;33;1800;0;256;4;0.001024;0.000216;0.002370;0.003610 
./images/original/fire.gif;33;1800;0;256;5;0.001243;0.000212;0.009140;0.010595 
./images/original/fire.gif;33;1800;0;256;7;0.000918;0.000125;0.009260;0.010303 
./images/original/fire.gif;33;1800;0;256;8;0.001028;0.000124;0.002394;0.003546 
./images/original/frame_002.gif;1;263250;0;256;1;0.002592;0.007722;0.004039;0.014353 
./images/original/frame_002.gif;1;263250;0;256;2;0.002186;0.007844;0.003657;0.013687 
./images/original/frame_002.gif;1;263250;0;256;3;0.002060;0.007747;0.003656;0.013463 
./images/original/frame_002.gif;1;263250;0;256;4;0.002119;0.008094;0.003627;0.013840 
./images/original/frame_002.gif;1;263250;0;256;5;0.002188;0.007706;0.003675;0.013569 
./images/original/frame_002.gif;1;263250;0;256;6;0.002169;0.008189;0.003596;0.013954 
./images/original/frame_002.gif;1;263250;0;256;7;0.002220;0.008137;0.003654;0.014011 
./images/original/frame_002.gif;1;263250;0;256;8;0.002859;0.007796;0.003609;0.014264 
./images/original/Campusplan-Mobilitaetsbeschraenkte.gif;1;69689928;0;256;4;0.348564;6.790360;1.892338;9.031262 
./images/original/giphy-3.gif;5;2073600;0;256;1;0.110117;0.790341;0.775004;1.675462 
./images/original/giphy-3.gif;5;2073600;0;256;2;0.091543;0.476015;0.773322;1.340880 
./images/original/giphy-3.gif;5;2073600;0;256;4;0.095204;0.365332;0.773868;1.234404 
./images/original/giphy-3.gif;5;2073600;0;256;5;0.098945;0.227527;0.776035;1.102507 
./images/original/Campusplan-Mobilitaetsbeschraenkte.gif;1;69689928;0;256;5;0.384903;6.817987;1.795850;8.998740 
./images/original/long_gif.gif;137;230400;0;256;1;0.153193;1.627763;1.550267;3.331223 
./images/original/long_gif.gif;137;230400;0;256;2;0.153256;0.972127;1.549290;2.674673 
./images/original/long_gif.gif;137;230400;0;256;4;0.153231;0.525424;1.552188;2.230843 
./images/original/Campusplan-Mobilitaetsbeschraenkte.gif;1;69689928;0;256;6;0.385213;6.920345;1.922057;9.227615 
./images/original/long_gif.gif;137;230400;0;256;8;0.218088;0.402896;1.547257;2.168241 
./images/original/Mandelbrot-large.gif;20;1440000;0;256;1;0.176344;1.667044;1.868281;3.711669 
./images/original/Campusplan-Mobilitaetsbeschraenkte.gif;1;69689928;0;256;7;0.451381;6.924232;1.880243;9.255856 
./images/original/Mandelbrot-large.gif;20;1440000;0;256;2;0.176717;0.764030;1.882992;2.823739 
./images/original/Mandelbrot-large.gif;20;1440000;0;256;4;0.182833;0.348223;1.895944;2.427000 
./images/original/Mandelbrot-large.gif;20;1440000;0;256;5;0.191648;0.301449;1.894529;2.387626 
./images/original/Campusplan-Mobilitaetsbeschraenkte.gif;1;69689928;0;256;8;0.572580;7.791460;1.881572;10.245612 
./images/original/fire.gif;33;1800;0;256;1;0.001483;0.000730;0.002743;0.004956 
./images/original/fire.gif;33;1800;0;256;2;0.000855;0.000360;0.002279;0.003494 
./images/original/fire.gif;33;1800;0;256;3;0.000864;0.000242;0.002370;0.003476 
./images/original/fire.gif;33;1800;0;256;4;0.001008;0.000206;0.002311;0.003525 
./images/original/fire.gif;33;1800;0;256;5;0.000943;0.000162;0.006243;0.007348 
images/original/1.gif;10;250000;1;256;1;0.027639;0.060961;0.033636;0.122236 
images/original/1.gif;10;250000;1;256;1;0.024534;0.060835;0.034274;0.119643 
images/original/1.gif;10;250000;1;256;1;0.027414;0.061345;0.034674;0.123433 
images/original/1.gif;10;250000;1;256;1;0.024177;0.060806;0.033831;0.118814 
images/original/1.gif;10;250000;1;256;1;0.028155;0.060730;0.033759;0.122644 
images/original/1.gif;10;250000;1;256;1;0.022649;0.060924;0.033366;0.116939 
images/original/200_s.gif;1;40000;1;256;1;0.001180;0.001156;0.002028;0.004364 
images/original/200_s.gif;1;40000;1;256;1;0.000600;0.001164;0.001648;0.003412 
images/original/200_s.gif;1;40000;1;256;1;0.000600;0.001147;0.001618;0.003365 
images/original/200_s.gif;1;40000;1;256;1;0.000794;0.001220;0.001540;0.003554 
images/original/200_s.gif;1;40000;1;256;1;0.000850;0.001392;0.001727;0.003969 
images/original/200_s.gif;1;40000;1;256;1;0.001701;0.001202;0.001957;0.004860 
images/original/9815573.gif;10;140500;1;256;1;0.022788;0.033276;0.014212;0.070276 
images/original/9815573.gif;10;140500;1;256;1;0.016701;0.035566;0.013837;0.066104 
images/original/9815573.gif;10;140500;1;256;1;0.037471;0.034386;0.013958;0.085815 
images/original/9815573.gif;10;140500;1;256;1;0.015746;0.033196;0.013998;0.062940 
images/original/9815573.gif;10;140500;1;256;1;0.019876;0.031470;0.014056;0.065402 
images/original/9815573.gif;10;140500;1;256;1;0.037833;0.032540;0.013857;0.084230 
images/original/australian-flag-large.gif;1;720000;1;256;1;0.022894;0.014630;0.009086;0.046610 
images/original/australian-flag-large.gif;1;720000;1;256;1;0.007122;0.014648;0.008484;0.030254 
images/original/australian-flag-large.gif;1;720000;1;256;1;0.007231;0.014663;0.008830;0.030724 
images/original/australian-flag-large.gif;1;720000;1;256;1;0.006012;0.014703;0.008839;0.029554 
images/original/australian-flag-large.gif;1;720000;1;256;1;0.014870;0.014695;0.009086;0.038651 
images/original/australian-flag-large.gif;1;720000;1;256;1;0.009803;0.014587;0.008969;0.033359 
images/original/Campusplan-Hausnr.gif;1;69682912;0;256;1;0.369413;7.069536;0.718883;8.157832 
images/original/Campusplan-Hausnr.gif;1;69682912;0;256;1;0.348419;7.028192;0.724243;8.100854 
images/original/Campusplan-Hausnr.gif;1;69682912;0;256;1;0.379350;7.038935;0.728344;8.146629 
images/original/Campusplan-Hausnr.gif;1;69682912;0;256;1;0.355229;6.987299;0.720920;8.063448 
images/original/Campusplan-Hausnr.gif;1;69682912;0;256;1;0.352156;6.866777;0.712499;7.931432 
images/original/Campusplan-Hausnr.gif;1;69682912;0;256;1;0.365735;6.868454;0.708339;7.942528 
images/original/Campusplan-Mobilitaetsbeschraenkte.gif;1;69689928;0;256;1;0.362596;6.894531;1.543974;8.801101 
images/original/Campusplan-Mobilitaetsbeschraenkte.gif;1;69689928;0;256;1;0.358720;6.980042;1.511234;8.849996 
images/original/Campusplan-Mobilitaetsbeschraenkte.gif;1;69689928;0;256;1;0.344748;6.933968;1.521145;8.799861 
images/original/Campusplan-Mobilitaetsbeschraenkte.gif;1;69689928;0;256;1;0.351931;6.891356;1.531353;8.774640 
images/original/Campusplan-Mobilitaetsbeschraenkte.gif;1;69689928;0;256;1;0.353218;6.905306;1.428273;8.686797 
images/original/Campusplan-Mobilitaetsbeschraenkte.gif;1;69689928;0;256;1;0.346692;6.894143;1.443580;8.684415 
images/original/fire.gif;33;1800;1;256;1;0.002015;0.018131;0.002659;0.022805 
images/original/fire.gif;33;1800;1;256;1;0.001001;0.018257;0.002376;0.021634 
images/original/fire.gif;33;1800;1;256;1;0.003342;0.018452;0.002489;0.024283 
images/original/fire.gif;33;1800;1;256;1;0.001256;0.018096;0.002672;0.022024 
images/original/fire.gif;33;1800;1;256;1;0.003657;0.018443;0.002696;0.024796 
images/original/fire.gif;33;1800;1;256;1;0.001402;0.018050;0.002651;0.022103 
images/original/frame_002.gif;1;263250;1;256;1;0.003625;0.004166;0.004466;0.012257 
images/original/frame_002.gif;1;263250;1;256;1;0.010412;0.004203;0.004363;0.018978 
images/original/frame_002.gif;1;263250;1;256;1;0.010477;0.004171;0.004319;0.018967 
images/original/frame_002.gif;1;263250;1;256;1;0.010461;0.004157;0.004166;0.018784 
images/original/frame_002.gif;1;263250;1;256;1;0.002591;0.004178;0.004236;0.011005 
images/original/frame_002.gif;1;263250;1;256;1;0.010954;0.004184;0.003903;0.019041 
images/original/mushroom.gif;150;230400;1;256;1;0.131282;0.283052;0.495089;0.909423 
images/original/mushroom.gif;150;230400;1;256;1;0.110315;0.269458;0.502728;0.882501 
images/original/mushroom.gif;150;230400;1;256;1;0.136973;0.270693;0.511516;0.919182 
images/original/mushroom.gif;150;230400;1;256;1;0.135175;0.269770;0.496311;0.901256 
images/original/mushroom.gif;150;230400;1;256;1;0.115100;0.270256;0.493760;0.879116 
images/original/mushroom.gif;150;230400;1;256;1;0.115916;0.269162;0.494637;0.879715 
images/original/porsche.gif;1;64000;1;256;1;0.001998;0.001481;0.002086;0.005565 
images/original/porsche.gif;1;64000;1;256;1;0.001437;0.001469;0.002534;0.005440 
images/original/porsche.gif;1;64000;1;256;1;0.001023;0.001442;0.002011;0.004476 
images/original/porsche.gif;1;64000;1;256;1;0.002907;0.001480;0.002213;0.006600 
images/original/porsche.gif;1;64000;1;256;1;0.001494;0.001565;0.001978;0.005037 
images/original/porsche.gif;1;64000;1;256;1;0.001171;0.001458;0.002077;0.004706 
images/original/Produits_sous_linux.gif;1;760000;1;256;1;0.006125;0.010616;0.008845;0.025586 
images/original/Produits_sous_linux.gif;1;760000;1;256;1;0.024765;0.012063;0.010046;0.046874 
images/original/Produits_sous_linux.gif;1;760000;1;256;1;0.018753;0.010553;0.009322;0.038628 
images/original/Produits_sous_linux.gif;1;760000;1;256;1;0.019305;0.010644;0.009471;0.039420 
images/original/Produits_sous_linux.gif;1;760000;1;256;1;0.010534;0.010596;0.009484;0.030614 
images/original/Produits_sous_linux.gif;1;760000;1;256;1;0.006588;0.010614;0.009399;0.026601 
images/original/TimelyHugeGnu.gif;19;230400;1;256;1;0.078555;0.069162;0.046559;0.194276 
images/original/TimelyHugeGnu.gif;19;230400;1;256;1;0.078947;0.068929;0.046622;0.194498 
images/original/TimelyHugeGnu.gif;19;230400;1;256;1;0.052943;0.068911;0.046303;0.168157 
images/original/TimelyHugeGnu.gif;19;230400;1;256;1;0.067539;0.068931;0.046394;0.182864 
images/original/TimelyHugeGnu.gif;19;230400;1;256;1;0.062649;0.068631;0.046846;0.178126 
images/original/TimelyHugeGnu.gif;19;230400;1;256;1;0.058948;0.068525;0.046706;0.174179 
images/original/tumblr_myxlbtwVEb1qzt4vjo1_r14_500_large.gif;10;230400;1;256;1;0.022324;0.048475;0.027931;0.098730 
images/original/tumblr_myxlbtwVEb1qzt4vjo1_r14_500_large.gif;10;230400;1;256;1;0.046008;0.048613;0.028859;0.123480 
images/original/tumblr_myxlbtwVEb1qzt4vjo1_r14_500_large.gif;10;230400;1;256;1;0.023596;0.048757;0.028590;0.100943 
images/original/tumblr_myxlbtwVEb1qzt4vjo1_r14_500_large.gif;10;230400;1;256;1;0.037016;0.049587;0.028562;0.115165 
images/original/tumblr_myxlbtwVEb1qzt4vjo1_r14_500_large.gif;10;230400;1;256;1;0.028724;0.049469;0.028330;0.106523 
images/original/tumblr_myxlbtwVEb1qzt4vjo1_r14_500_large.gif;10;230400;1;256;1;0.041264;0.048887;0.027766;0.117917 
